Accuracy,Kappa,AccuracyLower,AccuracyUpper,AccuracyNull,AccuracyPValue,McnemarPValue,data,model
0.7908745247148289,0.7176624441278083,0.7366649568904418,0.8383983400989409,0.40304182509505704,1.0628174169409909e-37,NA,TCGA,DTC
0.6539923954372624,0.5484595211591797,0.593112346995354,0.7113567719643616,0.40304182509505704,1.9831986448368113e-16,0.026451142376141712,NS,DTC
